id,owner,Repo,Estrelas,Idade (anos),Total releases,Dias desde última atualização,Linguagem primária
51,lenve,vhr,27940,7.69,0,0,Java
52,DrKLO,Telegram,27512,11.88,95,0,Java
53,crossoverJie,JCSprout,27075,7.74,0,0,Java
54,qiurunze123,miaosha,26505,6.99,0,0,Java
55,ashishps1,awesome-system-design-resources,25854,1.88,0,0,Java
56,apache,incubator-seata,25797,6.71,44,0,Java
57,alibaba,fastjson,25755,13.86,84,0,Java
58,JakeWharton,butterknife,25488,12.53,0,0,Java
59,hollischuang,toBeTopJavaer,25463,6.88,0,0,Java
60,apache,flink,25240,11.27,0,0,Java
71,libgdx,libgdx,24330,13.09,14,0,Java
72,CodePhiliaX,Chat2DB,24222,2.23,43,0,Java
73,google,gson,24025,10.49,12,0,Java
74,redisson,redisson,24024,11.67,173,1,Java
75,doocs,source-code-hunter,22944,5.87,0,0,Java
76,alibaba,Sentinel,22898,7.44,25,0,Java
77,iBotPeaches,Apktool,22876,13.49,26,0,Java
78,EnterpriseQualityCoding,FizzBuzzEnterpriseEdition,22775,12.81,0,0,Java
79,apache,rocketmq,22087,8.78,22,0,Java
80,google,ExoPlayer,21877,11.25,28,0,Java
21,apache,dubbo,41326,13.24,111,0,Java
22,PhilJay,MPAndroidChart,38109,11.39,44,0,Java
23,eugenp,tutorials,37254,12.38,0,0,Java
24,halo-dev,halo,36863,7.48,227,0,Java
25,alibaba,arthas,36705,7.04,59,0,Java
26,geekxh,hello-algorithm,35770,5.29,0,0,Java
27,airbnb,lottie-android,35469,8.93,59,0,Java
28,TeamNewPipe,NewPipe,35027,10.03,137,0,Java
29,bumptech,glide,34951,12.18,53,0,Java
30,doocs,leetcode,34920,6.99,21,0,Java
41,ityouknow,spring-boot-examples,30596,8.85,0,0,Java
42,chinabugotech,hutool,30062,11.42,153,0,Java
43,apolloconfig,apollo,29649,9.53,41,0,Java
44,keycloak,keycloak,29517,12.2,87,0,Java
45,alibaba,canal,29363,12.67,32,0,Java
46,xuxueli,xxl-job,29286,9.79,39,0,Java
47,conductor-oss,conductor,29012,1.76,25,0,Java
48,wuyouzhuguli,SpringAll,28951,7.36,0,0,Java
49,alibaba,spring-cloud-alibaba,28750,7.78,48,0,Java
50,alibaba,druid,28194,13.86,51,0,Java
1,Snailclimb,JavaGuide,151673,7.35,0,0,Java
2,krahets,hello-algo,116415,2.85,9,0,Java
3,GrowingGit,GitHub-Chinese-Top-Charts,102048,6.02,0,0,Java
4,iluwatar,java-design-patterns,92630,11.1,0,0,Java
5,macrozheng,mall,81546,7.44,3,0,Java
6,spring-projects,spring-boot,78334,12.9,320,0,Java
7,doocs,advanced-java,78221,6.93,1,0,Java
8,MisterBooo,LeetCodeAnimation,76443,6.77,0,0,Java
9,elastic,elasticsearch,73755,15.6,206,0,Java
10,Stirling-Tools,Stirling-PDF,66692,2.62,138,0,Java
31,netty,netty,34420,14.85,0,0,Java
32,xkcoding,spring-boot-demo,33897,7.84,0,0,Java
33,Blankj,AndroidUtilCode,33643,9.12,117,0,Java
34,alibaba,easyexcel,33617,7.6,14,0,Java
35,zxing,zxing,33581,13.92,31,0,Java
36,SeleniumHQ,selenium,33156,12.66,108,0,Java
37,YunaiV,ruoyi-vue-pro,33151,4.63,46,0,Java
38,alibaba,nacos,32029,7.24,84,0,Java
39,binarywang,WxJava,31879,9.68,30,0,Java
40,apache,kafka,30868,14.08,0,0,Java
61,scwang90,SmartRefreshLayout,25154,8.28,14,0,Java
62,proxyee-down-org,proxyee-down,24868,7.88,49,0,Java
63,OpenAPITools,openapi-generator,24791,7.34,73,0,Java
64,Anuken,Mindustry,24789,8.37,168,0,Java
65,greenrobot,EventBus,24768,13.16,7,0,Java
66,bazelbuild,bazel,24535,11.25,211,0,Java
67,apache,skywalking,24515,9.85,62,0,Java
68,jenkinsci,jenkins,24410,14.81,443,0,Java
69,yuliskov,SmartTube,24410,5.12,912,0,Java
70,Netflix,Hystrix,24398,12.82,79,0,Java
11,kdn251,interviews,64451,8.58,0,0,Java
12,TheAlgorithms,Java,63323,9.16,0,0,Java
13,NationalSecurityAgency,ghidra,60075,6.53,46,0,Java
14,spring-projects,spring-framework,58819,14.77,341,0,Java
15,google,guava,51091,11.29,56,0,Java
16,ReactiveX,RxJava,48308,12.68,241,0,Java
17,skylot,jadx,45426,12.49,32,0,Java
18,dbeaver,dbeaver,45311,9.9,231,0,Java
19,termux,termux-app,44944,9.89,95,0,Java
20,jeecgboot,JeecgBoot,43830,6.79,61,0,Java
91,didi,DoKit,20393,7.08,14,0,Java
92,mybatis,mybatis-3,20229,12.58,46,0,Java
93,ReactiveX,RxAndroid,20061,11.07,20,0,Java
94,linlinjava,litemall,19904,7.48,8,0,Java
95,yudaocode,SpringBoot-Labs,19856,7.0,0,0,Java
96,thingsboard,thingsboard,19677,8.78,70,0,Java
97,xiaojieonly,Ehviewer_CN_SXJ,19612,4.84,106,0,Java
98,dianping,cat,18933,12.77,3,0,Java
99,Baseflow,PhotoView,18872,13.16,5,0,Java
100,JetBrains,intellij-community,18768,13.96,4,0,Java
81,dataease,dataease,21814,4.61,97,0,Java
82,elunez,eladmin,21778,6.75,1,0,Java
83,openjdk,jdk,21673,6.99,0,0,Java
84,LSPosed,LSPosed,21514,4.75,39,0,Java
85,oracle,graal,21081,9.66,32,0,Java
86,CarGuo,GSYVideoPlayer,21077,8.83,53,0,Java
87,kestra-io,kestra,21075,6.05,307,0,Java
88,brettwooldridge,HikariCP,20703,11.93,0,0,Java
89,kunal-kushwaha,DSA-Bootcamp-Java,20607,4.12,0,0,Java
90,apache,shardingsphere,20445,9.65,58,0,Java
121,Grasscutters,Grasscutter,16659,3.4,20,0,Java
122,heibaiying,BigData-Notes,16642,6.51,0,0,Java
123,JeffLi1993,springboot-learning-example,16557,8.6,0,0,Java
124,gyoogle,tech-interview-for-developer,16497,6.26,0,0,Java
125,prestodb,presto,16493,13.1,12,0,Java
126,questdb,questdb,16075,11.38,93,0,Java
127,android-hacker,VirtualXposed,15828,7.78,50,0,Java
128,dyc87112,SpringBoot-Learning,15792,9.06,0,0,Java
129,android10,Android-CleanArchitecture,15567,11.07,0,0,Java
130,mockito,mockito,15274,12.92,222,0,Java
101,antlr,antlr4,18318,15.61,31,0,Java
102,williamfiset,Algorithms,18206,8.49,0,0,Java
103,Tencent,APIJSON,18178,8.81,110,0,Java
104,dromara,Sa-Token,18143,5.61,38,0,Java
105,LMAX-Exchange,disruptor,17978,12.98,14,0,Java
106,forezp,SpringCloudLearning,17972,8.43,0,0,Java
107,YunaiV,yudao-cloud,17834,6.36,32,0,Java
108,ashishps1,awesome-low-level-design,17828,1.82,0,0,Java
109,Tencent,tinker,17537,9.02,60,0,Java
110,openzipkin,zipkin,17298,13.27,97,0,Java
111,infinilabs,analysis-ik,17204,13.75,1,0,Java
112,justauth,JustAuth,17181,6.61,46,0,Java
113,facebook,fresco,17138,10.53,55,0,Java
114,baomidou,mybatis-plus,17097,9.07,38,0,Java
115,ben-manes,caffeine,17018,10.75,71,0,Java
116,material-components,material-components-android,16947,8.77,112,0,Java
117,nostra13,Android-Universal-Image-Loader,16917,13.8,0,0,Java
118,alibaba,DataX,16800,7.65,7,0,Java
119,winterbe,java8-tutorial,16779,11.5,0,0,Java
120,shuzheng,zheng,16731,8.94,0,0,Java
131,apache,hadoop,15250,11.04,0,0,Java
132,Konloch,bytecode-viewer,15205,10.92,61,0,Java
133,neo4j,neo4j,15040,12.84,72,0,Java
134,quarkusio,quarkus,14954,7.19,415,0,Java
135,zhisheng17,flink-learning,14923,6.7,0,0,Java
136,apache,pulsar,14841,9.21,112,0,Java
137,java-decompiler,jd-gui,14729,10.47,18,0,Java
138,elastic,logstash,14627,14.82,206,1,Java
139,eclipse-vertx,vert.x,14566,14.24,0,0,Java
140,hdodenhof,CircleImageView,14536,11.65,0,0,Java
151,Netflix,zuul,13884,12.5,28,1,Java
152,apache,druid,13824,12.89,68,0,Java
153,apache,dolphinscheduler,13816,6.53,53,0,Java
154,seaswalker,spring-analysis,13726,9.01,0,0,Java
155,pinpoint-apm,pinpoint,13709,10.9,61,0,Java
156,JessYanCoding,AndroidAutoSize,13693,7.07,14,0,Java
157,DuGuQiuBai,Java,13689,9.8,0,0,Java
158,sqshq,piggymetrics,13685,10.46,2,0,Java
159,Curzibn,Luban,13677,9.14,6,0,Java
160,lgvalle,Material-Animations,13639,10.52,0,0,Java
141,Tencent,QMUI_Android,14514,8.39,35,0,Java
142,supertokens,supertokens-core,14497,5.68,91,0,Java
143,alibaba,ARouter,14493,8.75,16,0,Java
144,arduino,Arduino,14420,14.99,37,0,Java
145,theonedev,onedev,14245,6.85,430,0,Java
146,apache,doris,14242,8.09,74,0,Java
147,deeplearning4j,deeplearning4j,14097,11.79,0,0,Java
148,zaproxy,zaproxy,14074,10.28,20,0,Java
149,GoogleContainerTools,jib,14012,7.64,168,0,Java
150,orhanobut,logger,13891,10.48,16,0,Java
171,pxb1988,dex2jar,12898,10.5,8,0,Java
172,ashishps1,awesome-leetcode-resources,12891,1.88,0,0,Java
173,Netflix,conductor,12777,8.76,319,0,Java
174,facebook,stetho,12710,10.64,13,0,Java
175,codecentric,spring-boot-admin,12683,11.14,136,0,Java
176,google,guice,12673,11.3,19,0,Java
177,alibaba,COLA,12644,7.6,11,0,Java
178,greenrobot,greenDAO,12628,13.9,8,0,Java
179,Netflix,eureka,12620,13.13,151,0,Java
180,macrozheng,mall-swarm,12599,5.8,3,0,Java
201,OpenRefine,OpenRefine,11505,12.91,72,1,Java
202,realm,realm-java,11485,13.4,0,0,Java
203,careercup,CtCI-6th-Edition,11459,10.2,0,7,Java
204,gyf-dev,ImmersionBar,11453,8.4,0,0,Java
205,PaperMC,Paper,11394,9.64,0,0,Java
206,newbee-ltd,newbee-mall,11391,5.98,0,0,Java
207,provectus,kafka-ui,11266,5.79,25,0,Java
208,jhy,jsoup,11243,15.74,20,2,Java
209,permissions-dispatcher,PermissionsDispatcher,11234,10.08,40,4,Java
210,mission-peace,interview,11209,11.15,0,0,Java
181,apache,zookeeper,12594,16.47,0,0,Java
182,zhihu,Matisse,12568,8.42,15,0,Java
183,daimajia,AndroidViewAnimations,12472,11.22,9,10,Java
184,metersphere,metersphere,12451,5.61,179,0,Java
185,daimajia,AndroidSwipeLayout,12410,11.05,18,0,Java
186,pagehelper,Mybatis-PageHelper,12338,11.26,15,0,Java
187,redis,jedis,12149,15.26,114,0,Java
188,amitshekhariitbhu,android-interview-questions,12067,8.18,0,0,Java
189,plantuml,plantuml,12052,14.86,60,0,Java
190,Yalantis,uCrop,12039,9.69,20,0,Java
191,Tencent,matrix,11902,6.75,16,0,Java
192,Tencent,VasSonic,11868,8.12,10,5,Java
193,trinodb,trino,11849,6.65,0,0,Java
194,grpc,grpc-java,11837,10.76,180,0,Java
195,Team-xManager,xManager,11832,4.59,51,0,Java
196,debezium,debezium,11819,9.64,0,0,Java
197,frank-lam,fullstack-tutorial,11682,7.42,0,0,Java
198,code4craft,webmagic,11625,12.39,33,0,Java
199,xpipe-io,xpipe,11575,2.62,121,0,Java
200,opensearch-project,OpenSearch,11519,4.62,59,0,Java
211,apereo,cas,11193,14.01,303,0,Java
212,H07000223,FlycoTabLayout,11126,9.84,4,0,Java
213,daniulive,SmarterStreaming,11115,9.47,0,0,Java
214,lingochamp,FileDownloader,11113,9.73,65,0,Java
215,beemdevelopment,Aegis,11097,9.08,72,0,Java
216,jfeinstein10,SlidingMenu,11048,13.21,0,0,Java
217,androidannotations,androidannotations,11040,13.69,0,4,Java
218,LawnchairLauncher,lawnchair,11034,8.53,30,0,Java
219,datahub-project,datahub,11021,9.82,104,0,Java
220,doocs,jvm,10969,7.22,0,0,Java
221,ssssssss-team,spider-flow,10893,5.46,2,0,Java
222,square,javapoet,10871,12.61,0,0,Java
223,microg,GmsCore,10861,11.39,41,0,Java
224,apple,pkl,10848,1.64,16,0,Java
225,jwtk,jjwt,10843,11.0,9,0,Java
226,alibaba,vlayout,10775,8.54,34,1,Java
227,aosp-mirror,platform_frameworks_base,10762,16.9,0,0,Java
228,asLody,VirtualApp,10747,9.19,0,0,Java
229,TooTallNate,Java-WebSocket,10737,15.65,19,0,Java
230,clojure,clojure,10712,15.21,0,0,Java
161,cryptomator,cryptomator,13588,11.61,193,0,Java
162,janishar,mit-deep-learning-book-pdf,13582,8.43,3,0,Java
163,tink-crypto,tink,13556,11.27,21,0,Java
164,languagetool-org,languagetool,13555,12.1,0,0,Java
165,LuckSiege,PictureSelector,13546,8.69,116,0,Java
166,Bigkoo,Android-PickerView,13481,10.71,0,0,Java
167,kekingcn,kkFileView,13304,7.75,16,0,Java
168,projectlombok,lombok,13262,16.27,0,0,Java
169,macrozheng,mall-learning,13249,6.42,0,0,Java
170,youth5201314,banner,13039,9.39,0,0,Java
241,awsdocs,aws-doc-sdk-examples,10194,9.07,0,0,Java
242,JakeWharton,ViewPagerIndicator,10108,14.11,0,2,Java
243,signalapp,Signal-Server,10057,11.76,0,0,Java
244,stanfordnlp,CoreNLP,9969,12.21,19,0,Java
245,wasabeef,glide-transformations,9929,10.68,0,0,Java
246,googlesamples,easypermissions,9917,9.73,12,0,Java
247,paascloud,paascloud-master,9894,7.49,0,0,Java
248,uknownothingsnow,JsBridge,9891,10.55,0,0,Java
249,SonarSource,sonarqube,9867,14.69,65,0,Java
250,hackware1993,MagicIndicator,9804,9.21,12,0,Java
251,HarlonWang,AVLoadingIndicatorView,9772,9.89,1,2,Java
252,OpenFeign,feign,9734,12.22,39,0,Java
253,YoKeyword,Fragmentation,9726,9.55,30,0,Java
254,xuchengsheng,spring-reading,9697,1.99,0,0,Java
255,lihengming,spring-boot-api-project-seed,9685,8.22,4,0,Java
256,perwendel,spark,9661,14.36,0,0,Java
257,ksoichiro,Android-ObservableScrollView,9653,10.85,0,0,Java
258,react-native-camera,react-native-camera,9648,10.45,144,7,Java
259,koral--,android-gif-drawable,9631,12.62,61,0,Java
260,bilibili,DanmakuFlameMaster,9603,12.09,5,0,Java
261,spinnaker,spinnaker,9579,11.2,14,0,Java
262,liaohuqiu,android-Ultra-Pull-To-Refresh,9567,10.83,8,0,Java
263,MyCATApache,Mycat-Server,9555,10.78,7,0,Java
264,umano,AndroidSlidingUpPanel,9501,12.29,8,0,Java
265,crossoverJie,cim,9441,7.32,9,0,Java
266,pockethub,PocketHub,9382,14.02,1,0,Java
267,apache,cassandra,9358,16.32,0,0,Java
268,Justson,AgentWeb,9352,8.34,21,1,Java
269,seven332,EhViewer,9320,11.33,97,0,Java
270,huanghaibin-dev,CalendarView,9310,8.51,1,0,Java
271,GcsSloop,AndroidNote,9292,9.69,0,0,Java
272,spring-projects,spring-security,9291,13.68,227,0,Java
273,json-path,JsonPath,9288,14.64,10,0,Java
274,android,testing-samples,9276,10.92,0,6,Java
275,cats-oss,android-gpuimage,9128,12.94,0,0,Java
276,flyway,flyway,9078,12.75,266,1,Java
277,didi,VirtualAPK,9042,8.21,4,2,Java
278,apache,jmeter,8988,15.3,10,0,Java
279,navasmdc,MaterialDesignLibrary,8973,10.95,3,1,Java
280,langchain4j,langchain4j,8955,2.23,51,0,Java
231,android-async-http,android-async-http,10634,14.56,3,0,Java
232,StarRocks,starrocks,10629,4.02,154,0,Java
233,jeasonlzy,okhttp-OkGo,10603,9.66,14,4,Java
234,google,auto,10520,12.31,66,0,Java
235,lipangit,JiaoZiVideoPlayer,10496,9.6,78,0,Java
236,tbruyelle,RxPermissions,10485,9.96,11,0,Java
237,Activiti,Activiti,10423,13.0,1000,0,Java
238,zfile-dev,zfile,10376,6.07,67,0,Java
239,resilience4j,resilience4j,10359,10.28,35,0,Java
240,JessYanCoding,MVPArms,10293,9.1,25,2,Java
281,KunMinX,Jetpack-MVVM-Best-Practice,8952,5.87,0,0,Java
282,Freelander,Android_Data,8845,10.44,0,0,Java
283,nathanmarz,storm,8811,13.99,0,10,Java
284,laobie,StatusBarUtil,8802,9.58,0,0,Java
285,java-native-access,jna,8798,14.38,0,0,Java
286,apache,seatunnel,8774,8.1,51,0,Java
287,Blankj,awesome-java-leetcode,8718,8.41,0,1,Java
288,flowable,flowable-engine,8705,8.92,28,0,Java
289,chrisbanes,Android-PullToRefresh,8690,13.79,0,3,Java
290,checkstyle,checkstyle,8672,12.04,169,0,Java
301,junit-team,junit4,8535,16.67,13,1,Java
302,frohoff,ysoserial,8503,10.62,1,0,Java
303,google,tsunami-security-scanner,8464,5.27,27,0,Java
304,ZCShou,GoGoGo,8415,3.77,8,0,Java
305,roughike,BottomBar,8393,9.49,4,0,Java
306,hs-web,hsweb-framework,8383,9.65,30,1,Java
307,PojavLauncherTeam,PojavLauncher,8380,5.5,126,0,Java
308,LSPosed,LSPatch,8378,4.53,9,0,Java
309,DImuthuUpe,AndroidPdfViewer,8355,9.28,0,0,Java
310,testcontainers,testcontainers-java,8316,10.42,85,0,Java
291,ybq,Android-SpinKit,8665,9.48,0,2,Java
292,karatelabs,karate,8659,8.59,54,0,Java
293,apache,shenyu,8657,7.17,13,0,Java
294,shwenzhang,AndResGuard,8623,9.92,4,0,Java
295,react-native-image-picker,react-native-image-picker,8589,10.27,142,4,Java
296,chrisjenx,Calligraphy,8571,11.73,4,1,Java
297,amitshekhariitbhu,Android-Debug-Database,8561,8.82,14,0,Java
298,airbnb,epoxy,8560,9.1,76,0,Java
299,facebook,buck,8555,12.41,57,0,Java
300,dropwizard,dropwizard,8553,14.65,188,1,Java
311,wildfirechat,im-server,8297,6.64,108,0,Java
312,apache,beam,8291,9.61,52,0,Java
313,apache,shardingsphere-elasticjob,8208,10.01,30,0,Java
314,pentaho,pentaho-kettle,8164,11.93,1,0,Java
315,alibaba,atlas,8152,8.54,7,0,Java
316,cabaletta,baritone,8132,7.12,85,0,Java
317,alibaba,transmittable-thread-local,8127,11.92,58,1,Java
318,alibaba,otter,8123,12.1,10,6,Java
319,florent37,MaterialViewPager,8115,10.39,11,4,Java
320,bytedeco,javacv,8111,11.4,13,0,Java
341,lecho,hellocharts-android,7638,10.92,14,0,Java
342,gedoor,MyBookshelf,7623,7.25,165,2,Java
343,google,android-classyshark,7587,9.92,17,0,Java
344,PowerJob,PowerJob,7583,5.49,51,0,Java
345,google,closure-compiler,7568,11.41,0,0,Java
346,koush,AndroidAsync,7549,13.05,0,0,Java
347,kaushikgopal,RxJava-Android-Samples,7529,11.14,0,0,Java
348,kevin-wayne,algs4,7503,10.04,0,1,Java
349,mapstruct,mapstruct,7497,13.3,35,0,Java
350,jeecgboot,jimureport,7494,5.77,29,0,Java
331,dropwizard,metrics,7851,15.55,138,1,Java
332,HannahMitt,HomeMirror,7846,10.06,0,2,Java
333,software-mansion,react-native-svg,7820,9.65,124,0,Java
334,ChrisRM,material-theme-jetbrains,7797,9.97,17,0,Java
335,Graylog2,graylog2-server,7790,15.33,0,0,Java
336,trello-archive,RxLifecycle,7694,10.15,22,0,Java
337,goldze,MVVMHabit,7686,8.15,3,0,Java
338,vipshop,vjtools,7673,7.29,9,0,Java
339,krahets,LeetCode-Book,7655,3.73,0,0,Java
340,Tencent,Shadow,7638,6.25,5,0,Java
321,guolindev,LitePal,8104,12.56,0,2,Java
322,HMCL-dev,HMCL,8104,10.23,258,0,Java
323,aeron-io,aeron,8087,11.6,126,0,Java
324,aritraroy,UltimateAndroidReference,8084,8.42,0,0,Java
325,davemorrissey,subsampling-scale-image-view,7986,12.05,21,0,Java
326,Netflix,SimianArmy,7985,13.19,4,0,Java
327,junixapp,XPopup,7965,6.76,221,1,Java
328,apache,tomcat,7945,13.95,0,0,Java
329,apache,iceberg,7941,6.81,30,0,Java
330,JakeWharton,hugo,7932,11.8,0,7,Java
361,MinecraftForge,MinecraftForge,7299,13.62,0,0,Java
362,gocd,gocd,7289,11.75,86,0,Java
363,Bearded-Hen,Android-Bootstrap,7273,11.87,5,2,Java
364,pedant,sweet-alert-dialog,7255,10.9,2,0,Java
365,crazycodeboy,TakePhoto,7243,10.11,15,11,Java
366,Exrick,xmall,7231,8.13,0,0,Java
367,AntennaPod,AntennaPod,7231,13.12,62,0,Java
368,geeeeeeeeek,WeChatLuckyMoney,7224,9.95,20,6,Java
369,cymcsg,UltimateRecyclerView,7206,10.62,9,0,Java
370,dependency-check,DependencyCheck,7176,13.03,85,0,Java
351,yuanguangxin,LeetCode,7469,5.67,0,0,Java
352,swagger-api,swagger-core,7452,14.19,120,0,Java
353,enso-org,enso,7436,8.74,475,0,Java
354,lenve,VBlog,7420,7.71,0,0,Java
355,dyc87112,SpringCloud-Learning,7404,9.06,0,0,Java
356,gunnarmorling,1brc,7394,1.7,0,0,Java
357,abel533,Mapper,7372,10.81,8,0,Java
358,leolin310148,ShortcutBadger,7356,11.83,0,13,Java
359,Qihoo360,RePlugin,7341,8.26,19,0,Java
360,square,dagger,7302,13.12,0,14,Java
371,google,agera,7169,9.74,16,14,Java
372,NanoHttpd,nanohttpd,7162,13.09,3,0,Java
373,didi,KnowStreaming,7144,5.48,23,0,Java
374,ogaclejapan,SmartTabLayout,7101,10.58,0,1,Java
375,Genymobile,gnirehtet,7079,8.59,12,0,Java
376,JakeWharton,ActionBarSherlock,7077,14.52,32,4,Java
377,Alluxio,alluxio,7067,12.73,61,0,Java
378,naman14,Timber,7057,10.25,5,3,Java
379,google,error-prone,7039,11.06,57,0,Java
380,AutoMQ,automq,7039,2.07,70,0,Java
381,NLPchina,elasticsearch-sql,7034,11.05,272,1,Java
382,h2pl,JavaTutorial,7026,7.37,1,0,Java
383,rest-assured,rest-assured,7023,14.9,0,0,Java
384,mrniko,netty-socketio,6994,13.67,19,1,Java
385,wiremock,wiremock,6976,13.93,51,0,Java
386,DroidPluginTeam,DroidPlugin,6964,10.05,2,1,Java
387,alibaba,jvm-sandbox,6920,8.11,13,10,Java
388,exadel-inc,CompreFace,6867,5.18,11,0,Java
389,hongyangAndroid,okhttputils,6863,10.07,0,0,Java
390,Meituan-Dianping,walle,6849,8.67,1,0,Java
391,macrozheng,springcloud-learning,6828,6.01,0,0,Java
392,rabbitmq,rabbitmq-tutorials,6804,14.98,0,1,Java
393,zo0r,react-native-push-notification,6787,9.75,35,6,Java
394,junit-team,junit-framework,6782,10.67,96,0,Java
395,smuyyh,BookReader,6780,9.11,0,0,Java
396,Angel-ML,angel,6776,8.38,19,7,Java
397,CoderLeixiaoshuai,java-eight-part,6773,4.9,0,0,Java
398,guardianproject,haven,6727,8.53,37,1,Java
399,markzhai,AndroidPerformanceMonitor,6725,9.65,0,0,Java
400,getActivity,AndroidProject,6718,6.89,17,1,Java
401,gzu-liyujiang,AndroidPicker,6713,9.9,57,0,Java
402,fuzhengwei,itstack-demo-design,6711,5.31,0,0,Java
403,zouzg,mybatis-generator-gui,6706,9.35,16,7,Java
404,527515025,springBoot,6699,8.85,0,0,Java
405,spring-projects,spring-ai,6686,2.21,2,0,Java
406,hongyangAndroid,AndroidAutoLayout,6675,9.82,0,0,Java
407,Meituan-Dianping,Leaf,6667,6.75,0,1,Java
408,apache,storm,6651,11.85,5,6,Java
409,yanzhenjie,AndPermission,6647,9.0,0,1,Java
410,Col-E,Recaf,6642,8.13,170,0,Java
421,MuntashirAkon,AppManager,6500,5.28,76,0,Java
422,FongMi,TV,6482,3.22,0,0,Java
423,getActivity,XXPermissions,6462,7.24,72,0,Java
424,traccar,traccar,6441,13.41,63,0,Java
425,wxiaoqi,Spring-Cloud-Platform,6433,8.3,3,0,Java
426,vinc3m1,RoundedImageView,6426,12.56,19,0,Java
427,ArthurHub,Android-Image-Cropper,6424,10.66,32,0,Java
428,pig-mesh,pig,6416,6.05,19,0,Java
429,hazelcast,hazelcast,6391,13.48,200,0,Java
430,AsyncHttpClient,async-http-client,6391,14.52,7,0,Java
411,raphw,byte-buddy,6607,11.8,304,0,Java
412,quartz-scheduler,quartz,6604,9.52,5,0,Java
413,GrenderG,Toasty,6601,8.65,19,0,Java
414,apache,hertzbeat,6599,3.6,6,0,Java
415,apache,zeppelin,6557,10.47,0,0,Java
416,JesusFreke,smali,6537,12.97,0,2,Java
417,NLPchina,ansj_seg,6530,13.02,3,7,Java
418,jOOQ,jOOQ,6518,14.41,102,0,Java
419,ximsfei,Android-skin-support,6507,8.67,0,0,Java
420,processing,processing,6505,12.64,48,1,Java
431,aa112901,remusic,6360,9.47,0,0,Java
432,sshahine,JFoenix,6345,10.01,0,0,Java
433,vespa-engine,vespa,6343,9.28,238,0,Java
434,wasabeef,richeditor-android,6333,10.46,0,0,Java
435,joelittlejohn,jsonschema2pojo,6331,12.23,63,4,Java
436,micronaut-projects,micronaut-core,6296,7.52,311,0,Java
437,amitshekhariitbhu,from-java-to-kotlin,6294,8.31,0,3,Java
438,koush,ion,6275,12.31,0,0,Java
439,lightbend,config,6259,13.77,2,0,Java
440,648540858,wvp-GB28181-pro,6258,4.82,1,0,Java
441,haifengl,smile,6255,10.81,34,0,Java
442,hibernate,hibernate-orm,6233,14.95,108,0,Java
443,ityouknow,spring-cloud-examples,6226,8.38,0,0,Java
444,apache,flink-cdc,6216,5.13,22,0,Java
445,gephi,gephi,6202,13.9,19,0,Java
446,graphql-java,graphql-java,6196,10.19,93,6,Java
447,DerekYRC,mini-spring,6186,4.82,0,0,Java
448,Javen205,IJPay,6163,8.36,24,0,Java
449,jetlinks,jetlinks-community,6148,5.69,20,0,Java
450,logisim-evolution,logisim-evolution,6146,10.98,31,0,Java
451,google,grafika,6131,11.73,1,0,Java
452,ikew0ng,SwipeBackLayout,6126,12.05,0,11,Java
453,auth0,java-jwt,6124,11.52,45,0,Java
454,apache,incubator-kie-drools,6114,14.57,6,0,Java
455,nayuki,QR-Code-generator,6106,9.41,5,0,Java
456,daimajia,NumberProgressBar,6103,11.37,3,2,Java
457,rengwuxian,MaterialEditText,6102,10.87,19,0,Java
458,Vedenin,useful-java-links,6061,9.58,0,0,Java
459,alipay,SoloPi,6037,6.5,8,0,Java
460,LandGrey,SpringBootVulExploit,6030,5.31,0,0,Java
481,apache,pinot,5893,11.32,20,0,Java
482,jd-opensource,joyagent-jdgenie,5893,0.15,0,0,Java
483,journeyapps,zxing-android-embedded,5891,12.79,9,4,Java
484,WeiYe-Jing,datax-web,5885,5.81,5,0,Java
485,apache,iotdb,5881,6.8,46,0,Java
486,ZhongFuCheng3y,austin,5879,3.85,0,0,Java
487,lets-blade,blade,5878,10.26,9,13,Java
488,opengoofy,hippo4j,5876,4.24,18,0,Java
489,LaurieWired,GhidraMCP,5855,0.47,5,0,Java
490,amitshekhariitbhu,Fast-Android-Networking,5843,9.48,10,0,Java
471,liyifeng1994,ssm,5959,9.24,0,0,Java
472,btraceio,btrace,5954,11.04,33,1,Java
473,apache,camel,5947,16.32,0,0,Java
474,springfox,springfox,5941,13.36,12,0,Java
475,javaparser,javaparser,5939,13.87,55,0,Java
476,apache,hudi,5932,8.75,31,0,Java
477,prolificinteractive,material-calendarview,5928,10.59,22,2,Java
478,antoniolg,androidmvp,5924,11.45,0,11,Java
479,google,google-java-format,5918,10.34,35,0,Java
480,weibocom,motan,5896,9.4,27,1,Java
461,google,j2objc,6029,11.62,1,0,Java
462,singwhatiwanna,dynamic-load-apk,6029,11.46,0,7,Java
463,pedrovgs,EffectiveAndroidUI,6015,11.19,0,11,Java
464,graphhopper,graphhopper,5997,13.57,45,0,Java
465,rey5137,material,5990,10.76,10,7,Java
466,google,physical-web,5983,10.95,17,4,Java
467,robolectric,robolectric,5969,15.05,110,0,Java
468,wyouflf,xUtils3,5969,9.88,9,1,Java
469,vavr-io,vavr,5969,11.62,19,0,Java
470,obsidiandynamics,kafdrop,5962,6.3,50,0,Java
501,TeamAmaze,AmazeFileManager,5756,11.17,66,0,Java
502,alibaba,spring-ai-alibaba,5754,1.0,10,0,Java
503,Nepxion,Discovery,5745,7.23,132,0,Java
504,k0shk0sh,FastHub,5732,8.56,63,2,Java
505,Devlight,InfiniteCycleViewPager,5724,9.06,2,1,Java
506,jeequan,jeepay,5721,8.08,0,0,Java
507,jpush,aurora-imui,5717,8.75,42,2,Java
508,yanzhenjie,SwipeRecyclerView,5706,9.11,0,0,Java
509,dromara,lamp-cloud,5687,7.65,0,1,Java
510,springside,springside4,5685,13.56,3,0,Java
511,jagrosh,MusicBot,5664,9.08,38,0,Java
512,wasabeef,Blurry,5662,10.14,0,2,Java
513,JakeWharton,u2020,5661,11.83,0,2,Java
514,apache,nifi,5661,10.75,0,0,Java
515,crazycodeboy,react-native-splash-screen,5659,8.99,12,0,Java
516,hanks-zyh,HTextView,5649,9.73,0,0,Java
517,redis,lettuce,5632,11.35,135,0,Java
518,ZHENFENG13,spring-boot-projects,5630,8.45,0,0,Java
519,daimajia,AndroidImageSlider,5620,11.28,5,11,Java
520,JanusGraph,janusgraph,5610,8.71,28,0,Java
531,emilsjolander,StickyListHeaders,5497,13.51,16,23,Java
532,wuhaoyu1990,MagicCamera,5493,9.68,0,0,Java
533,00-Evan,shattered-pixel-dungeon,5493,11.12,52,0,Java
534,sockeqwe,mosby,5477,10.47,15,1,Java
535,alibaba,jetcache,5475,8.42,67,0,Java
536,scribejava,scribejava,5466,15.02,9,14,Java
537,alibaba,freeline,5461,9.11,22,0,Java
538,KeepSafe,TapTargetView,5456,9.0,24,4,Java
539,dm77,barcodescanner,5451,11.55,6,2,Java
540,201206030,novel,5447,5.84,12,0,Java
521,ElderDrivers,EdXposed,5608,6.65,27,1,Java
522,meefik,linuxdeploy,5604,13.06,37,2,Java
523,TommyLemon,Android-ZBLibrary,5600,10.07,25,2,Java
524,hongyangAndroid,FlowLayout,5597,10.04,0,9,Java
525,Suwayomi,Suwayomi-Server,5590,4.72,58,0,Java
526,amlcurran,ShowcaseView,5582,13.08,13,2,Java
527,baidu,uid-generator,5562,8.46,0,0,Java
528,knightliao,disconf,5554,11.29,12,8,Java
529,nhaarman,ListViewAnimations,5551,12.49,14,11,Java
530,danikula,AndroidVideoCache,5499,10.45,20,0,Java
491,CeuiLiSA,Pixiv-Shaft,5842,6.45,110,0,Java
492,ffay,lanproxy,5806,8.81,1,6,Java
493,JSQLParser,JSqlParser,5805,14.23,37,0,Java
494,Nightonke,BoomMenu,5804,9.48,0,0,Java
495,youtube,api-samples,5800,11.76,0,0,Java
496,changmingxie,tcc-transaction,5797,9.77,8,0,Java
497,yarolegovich,DiscreteScrollView,5789,8.53,2,1,Java
498,apache,hive,5784,16.32,0,1,Java
499,JakeWharton,DiskLruCache,5776,13.69,0,11,Java
500,dmytrodanylyk,circular-progress-button,5773,11.27,3,2,Java
541,Jasonchenlijian,FastBle,5443,9.05,9,0,Java
542,motianhuo,wechat,5437,10.3,0,10,Java
543,ddd-by-examples,library,5425,6.67,0,0,Java
544,facebookarchive,rebound,5418,11.92,10,37,Java
545,apache,dubbo-spring-boot-project,5405,7.65,13,3,Java
546,socketio,socket.io-client-java,5405,12.38,7,4,Java
547,apache,hbase,5386,11.31,47,0,Java
548,Evernote,android-job,5373,10.07,31,6,Java
549,houbb,sensitive-word,5372,5.68,2,0,Java
550,mik3y,usb-serial-for-android,5371,12.21,33,0,Java
561,XRecyclerView,XRecyclerView,5322,9.82,0,0,Java
562,mybatis,generator,5312,12.59,11,0,Java
563,google,google-authenticator,5304,10.93,0,0,Java
564,LFDT-web3j,web3j,5299,9.02,119,0,Java
565,osmandapp,OsmAnd,5298,14.66,1,0,Java
566,evant,gradle-retrolambda,5293,12.11,37,0,Java
567,xxv,android-lifecycle,5275,11.41,0,14,Java
568,yixia,VitamioBundle,5270,12.9,0,0,Java
569,CaffeineMC,sodium,5259,5.61,40,0,Java
570,CodingDocs,springboot-guide,5254,6.79,0,0,Java
551,microsoft,typespec,5368,4.2,285,0,Java
552,strimzi,strimzi-kafka-operator,5366,9.35,155,0,Java
553,facebookarchive,shimmer-android,5365,10.54,5,0,Java
554,apache,groovy,5359,10.41,0,0,Java
555,jgilfelt,SystemBarTint,5356,11.82,3,7,Java
556,spring-projects,spring-data-examples,5355,11.62,0,0,Java
557,commonsguy,cw-omnibus,5351,13.51,36,10,Java
558,ikarus23,MifareClassicTool,5341,12.58,8,0,Java
559,h6ah4i,android-advancedrecyclerview,5337,10.64,1,8,Java
560,coobird,thumbnailator,5327,10.14,0,0,Java
571,lingochamp,okdownload,5248,7.74,8,0,Java
572,Yalantis,Side-Menu.Android,5241,10.67,2,11,Java
573,thinkaurelius,titan,5241,13.55,0,12,Java
574,zfdang,Android-Touch-Helper,5239,4.9,112,0,Java
575,alibaba,QLExpress,5234,8.5,17,0,Java
576,razerdp,BasePopup,5234,9.66,15,1,Java
577,Doikki,DKVideoPlayer,5228,8.42,32,0,Java
578,cinit,QAuxiliary,5227,3.62,48,0,Java
579,rubenlagus,TelegramBots,5226,9.67,108,0,Java
580,lucasr,twoway-view,5225,12.65,0,4,Java
581,huangyanbin,smartTable,5219,7.84,44,1,Java
582,Karumi,Dexter,5216,9.82,33,3,Java
583,GeyserMC,Geyser,5213,6.18,0,0,Java
584,liquibase,liquibase,5212,14.19,103,0,Java
585,Clans,FloatingActionButton,5207,10.48,14,0,Java
586,pmd,pmd,5207,13.18,107,0,Java
587,citerus,dddsample-core,5197,10.62,0,0,Java
588,dunwu,db-tutorial,5196,8.1,0,0,Java
589,remkop,picocli,5190,8.61,86,0,Java
590,hustcc,JS-Sorting-Algorithm,5186,8.65,0,2,Java
591,tonikelope,megabasterd,5180,8.95,208,0,Java
592,android,views-widgets-samples,5155,6.02,0,6,Java
593,j-easy,easy-rules,5152,12.51,10,0,Java
594,square,otto,5149,13.21,0,11,Java
595,careercup,ctci,5147,12.48,0,8,Java
596,novicezk,midjourney-proxy,5144,2.38,0,0,Java
597,Fuzion24,JustTrustMe,5140,11.14,1,0,Java
598,reactor,reactor-core,5139,9.84,212,0,Java
599,bitcoinj,bitcoinj,5133,11.82,14,2,Java
600,brianfrankcooper,YCSB,5132,15.41,55,0,Java
601,LWJGL,lwjgl3,5124,12.72,21,0,Java
602,runelite,runelite,5110,9.37,0,0,Java
603,hneemann,Digital,5093,9.21,35,1,Java
604,CellularPrivacy,Android-IMSI-Catcher-Detector,5093,11.81,48,3,Java
605,zhanglei-workspace,shopping-management-system,5092,9.82,0,0,Java
606,fast-excel,fastexcel,5088,0.93,5,0,Java
607,natario1,CameraView,5084,8.15,42,1,Java
608,deathmarine,Luyten,5084,12.18,17,1,Java
609,jindrapetrik,jpexs-decompiler,5078,11.35,172,1,Java
610,diffplug,spotless,5074,10.38,35,0,Java
611,oshi,oshi,5072,13.59,165,0,Java
612,sofastack,sofa-boot,5062,7.45,82,1,Java
613,OpenTSDB,opentsdb,5061,15.05,27,5,Java
614,wequick,Small,5050,9.79,25,14,Java
615,baomidou,dynamic-datasource,5045,7.38,18,0,Java
616,spring-projects,spring-authorization-server,5043,5.49,80,0,Java
617,xuexiangjys,XUI,5040,6.68,23,0,Java
618,Exrick,xpay,5034,7.75,0,0,Java
619,killbill,killbill,5024,12.9,150,1,Java
620,youlookwhat,DesignPattern,5016,8.89,0,0,Java
621,yipianfengye,android-zxingLibrary,5016,9.13,0,5,Java
622,Trinea,android-common,5014,13.24,1,0,Java
623,jankotek,mapdb,5013,13.07,0,1,Java
624,tianshiyeben,wgcloud,5010,6.66,29,1,Java
625,rubensousa,GravitySnapHelper,5004,9.03,14,4,Java
626,2227324689,gpmall,4999,6.15,0,0,Java
627,line,armeria,4998,9.82,260,0,Java
628,youlookwhat,CloudReader,4995,8.81,26,13,Java
629,DingMouRen,LayoutManagerGroup,4993,7.38,0,1,Java
630,orhanobut,dialogplus,4989,10.75,9,2,Java
631,spring-attic,spring-mvc-showcase,4987,14.28,0,0,Java
632,apache,ignite,4983,10.56,0,0,Java
633,alibaba,UltraViewPager,4979,8.46,10,0,Java
634,JodaOrg,joda-time,4976,14.33,50,6,Java
635,killme2008,aviatorscript,4974,14.46,52,0,Java
636,frogermcs,InstaMaterial,4969,10.84,1,6,Java
637,Devlight,NavigationTabBar,4950,9.46,13,1,Java
638,bisq-network,bisq,4946,11.51,142,0,Java
639,amitshekhariitbhu,RxJava2-Android-Samples,4943,9.04,0,19,Java
640,react-native-linear-gradient,react-native-linear-gradient,4940,10.45,18,3,Java
641,apache,calcite,4934,11.22,0,0,Java
642,spring-cloud,spring-cloud-netflix,4933,11.18,24,0,Java
643,lugg,react-native-config,4921,9.56,30,2,Java
644,roncoo,roncoo-pay,4921,9.15,0,0,Java
645,traex,RippleEffect,4916,10.92,0,4,Java
646,PBH-BTN,PeerBanHelper,4908,1.59,143,0,Java
647,querydsl,querydsl,4907,14.11,35,0,Java
648,javastacks,spring-boot-best-practice,4905,6.84,0,1,Java
649,Ramotion,folding-cell-android,4903,9.45,0,0,Java
650,Docile-Alligator,Infinity-For-Reddit,4900,7.13,181,0,Java
671,kyleduo,SwitchButton,4748,11.01,0,0,Java
672,nisrulz,android-tips-tricks,4747,9.05,0,0,Java
673,spring-cloud,spring-cloud-gateway,4738,8.82,36,0,Java
674,firebase,FirebaseUI-Android,4734,10.18,66,0,Java
675,hongyangAndroid,baseAdapter,4723,10.11,0,22,Java
676,google,cameraview,4719,9.11,0,0,Java
677,zq2599,blog_demos,4715,8.43,0,0,Java
678,hansonwang99,Spring-Boot-In-Action,4714,6.62,0,0,Java
679,micrometer-metrics,micrometer,4704,8.42,273,0,Java
680,zlt2000,microservices-platform,4702,6.52,30,0,Java
681,spring-attic,spring-security-oauth,4702,14.14,0,0,Java
682,jgilfelt,chuck,4700,8.59,5,14,Java
683,pardom-zz,ActiveAndroid,4680,12.83,0,11,Java
684,SPLWare,esProc,4672,3.84,0,0,Java
685,saysky,ForestBlog,4667,7.93,0,0,Java
686,wdullaer,MaterialDateTimePicker,4661,10.69,54,45,Java
687,cjlin1,libsvm,4659,12.01,0,0,Java
688,stleary,JSON-java,4659,14.73,24,1,Java
689,gsantner,markor,4655,8.05,76,0,Java
690,Heeexy,SpringBoot-Shiro-Vue,4647,7.82,0,0,Java
661,mcxiaoke,packer-ng-plugin,4825,9.8,1,13,Java
662,andkulikov,Transitions-Everywhere,4806,10.91,23,3,Java
663,claritylab,lucida,4800,11.34,0,1,Java
664,mock-server,mockserver,4792,12.55,0,1,Java
665,TheoKanning,openai-java,4789,4.99,22,0,Java
666,saiwu-bigkoo,Android-ConvenientBanner,4773,10.72,0,0,Java
667,ronmamo,reflections,4768,12.41,3,2,Java
668,tuguangquan,mybatis,4764,10.86,0,0,Java
669,apache,maven,4764,16.32,26,0,Java
670,etsy,AndroidStaggeredGrid,4752,11.76,7,1,Java
651,DiUS,java-faker,4895,14.27,0,0,Java
652,cglib,cglib,4876,11.46,15,0,Java
653,orientechnologies,orientdb,4872,12.76,225,0,Java
654,rstudio,rstudio,4864,14.77,0,0,Java
655,react-native-webrtc,react-native-webrtc,4859,9.96,81,1,Java
656,reactive-streams,reactive-streams-jvm,4858,11.54,0,1,Java
657,Sayi,poi-tl,4852,10.48,14,0,Java
658,allure-framework,allure2,4849,9.3,80,0,Java
659,fuzhengwei,small-spring,4849,4.33,0,1,Java
660,nextcloud,android,4841,9.27,261,0,Java
691,gabrielemariotti,cardslib,4646,11.98,27,11,Java
692,romandanylyk,PageIndicatorView,4639,9.06,14,2,Java
693,bytedeco,javacpp,4638,11.4,13,1,Java
694,TGX-Android,Telegram-X,4637,4.07,5,0,Java
695,deepjavalibrary,djl,4637,5.87,35,1,Java
696,oracle,opengrok,4629,12.68,293,0,Java
697,Netflix,ribbon,4618,12.66,41,0,Java
698,bepass-org,oblivion,4616,1.59,12,0,Java
699,981011512,--,4612,5.23,0,0,Java
700,apache,rocketmq-externals,4607,8.5,0,2,Java
701,SplashCodes,JAViewer,4607,9.31,10,0,Java
702,yasserg,crawler4j,4605,13.7,3,2,Java
703,chewiebug,GCViewer,4585,13.89,5,0,Java
704,CalebFenton,simplify,4584,11.66,9,2,Java
705,RedSpider1,concurrent,4582,6.86,0,1,Java
706,SuperMonster003,AutoJs6,4580,3.78,20,0,Java
707,angryip,ipscan,4578,14.21,31,0,Java
708,puniverse,quasar,4577,12.47,18,3,Java
709,rememberber,WePush,4570,8.22,58,0,Java
710,chentao0707,SimplifyReader,4569,10.07,0,0,Java
711,javagrowing,JGrowing,4566,6.54,0,0,Java
712,dromara,dynamic-tp,4566,3.68,19,0,Java
713,zhanghai,Douya,4564,9.61,11,4,Java
714,objectbox,objectbox-java,4554,8.63,48,2,Java
715,discord-jda,JDA,4554,9.75,110,0,Java
716,go-lang-plugin-org,go-lang-idea-plugin,4550,15.04,21,2,Java
717,charles2gan,GDA-android-reversing-Tool,4549,7.87,40,0,Java
718,square,sqlbrite,4546,10.56,9,0,Java
719,danielzeller,Depth-LIB-Android-,4543,9.38,0,0,Java
720,jdamcd,android-crop,4537,11.5,6,0,Java
731,HotBitmapGG,bilibili-android-client,4497,9.28,1,0,Java
732,zongzibinbin,MallChat,4486,2.49,0,1,Java
733,JakeWharton,NineOldAndroids,4479,13.77,0,7,Java
734,Meituan-Dianping,Robust,4459,8.5,13,0,Java
735,janishar,android-mvp-architecture,4446,8.62,0,16,Java
736,linhaojun857,aurora,4444,3.06,0,0,Java
737,h2database,h2database,4442,10.43,23,0,Java
738,square,android-times-square,4439,12.62,0,28,Java
739,booklore-app,booklore,4437,0.74,88,0,Java
740,dreamhead,moco,4428,12.9,1,6,Java
721,JZ-Darkal,AndroidHttpCapture,4531,8.91,1,0,Java
722,alibaba,dexposed,4529,10.21,0,7,Java
723,hussien89aa,AndroidTutorialForBeginners,4529,8.96,0,0,Java
724,zhkl0228,unidbg,4524,6.54,15,0,Java
725,castorflex,SmoothProgressBar,4521,11.79,9,7,Java
726,ant-media,Ant-Media-Server,4516,8.53,64,0,Java
727,Flipboard,bottomsheet,4516,10.39,10,4,Java
728,azkaban,azkaban,4515,12.9,48,0,Java
729,tiann,epic,4515,8.31,5,0,Java
730,phishman3579,java-algorithms-implementation,4509,11.81,0,0,Java
761,Snailclimb,guide-rpc-framework,4281,5.34,0,0,Java
762,mcxiaoke,android-volley,4281,12.32,0,0,Java
763,failsafe-lib,failsafe,4273,10.21,0,1,Java
764,bjmashibing,InternetArchitect,4272,5.9,0,0,Java
765,ongakuer,CircleIndicator,4271,11.12,7,0,Java
766,brianway,java-learning,4270,9.59,0,0,Java
767,aporter,coursera-android,4265,11.69,0,27,Java
768,grantland,android-autofittextview,4261,14.58,1,0,Java
769,jitsi,jitsi,4255,12.39,7,0,Java
770,201206030,novel-plus,4253,5.36,34,0,Java
751,awangdev,leet-code,4356,10.39,0,0,Java
752,pytorch,serve,4347,5.94,24,2,Java
753,eirslett,frontend-maven-plugin,4323,12.04,0,2,Java
754,jeasonlzy,ImagePicker,4313,9.63,5,0,Java
755,mywalkb,LSPosed_mod,4310,3.46,10,1,Java
756,bingoogolapple,BGARefreshLayout-Android,4310,10.3,4,0,Java
757,kermitt2,grobid,4302,13.0,22,0,Java
758,crate,crate,4294,12.43,139,0,Java
759,dragonwell-project,dragonwell8,4287,6.52,41,0,Java
760,ThirtyDegreesRay,OpenHub,4283,8.17,31,0,Java
741,water8394,flink-recommandSystem-demo,4419,6.33,0,0,Java
742,Tencent,GT,4414,9.67,3,0,Java
743,airbnb,DeepLinkDispatch,4406,10.26,24,1,Java
744,jacoco,jacoco,4404,13.18,49,0,Java
745,IoT-Technology,IoT-Technical-Guide,4403,6.45,0,0,Java
746,apache,shiro,4402,16.04,14,0,Java
747,Freeyourgadget,Gadgetbridge,4397,10.69,0,0,Java
748,robinhood,ticker,4389,9.16,9,0,Java
749,flutter-webrtc,flutter-webrtc,4372,7.52,132,1,Java
750,Ashok-Varma,BottomNavigation,4365,9.48,16,0,Java
791,oddfar,campus-imaotai,4162,2.18,11,0,Java
792,pedrovgs,AndroidWiFiADB,4147,9.9,8,25,Java
793,alibaba,fastjson2,4145,3.4,58,0,Java
794,dromara,hmily,4143,7.96,0,0,Java
795,geoserver,geoserver,4136,13.84,62,0,Java
796,dinuscxj,LoadingDrawable,4116,9.41,0,0,Java
797,karma9874,AndroRAT,4115,5.47,0,0,Java
798,alibaba,Tangram-Android,4110,8.46,38,7,Java
799,pqpo,SmartCropper,4092,8.11,13,0,Java
800,Manabu-GT,ExpandableTextView,4087,11.33,4,0,Java
781,codingapi,tx-lcn,4198,7.84,14,10,Java
782,apache,streampark,4197,6.3,15,0,Java
783,yhaolpz,FloatWindow,4196,7.83,9,0,Java
784,Jacksgong,JKeyboardPanelSwitch,4191,10.2,14,1,Java
785,powermock,powermock,4191,11.3,16,0,Java
786,zendesk,maxwell,4183,10.59,214,0,Java
787,bingoogolapple,BGABanner-Android,4180,10.88,0,0,Java
788,aws,aws-sdk-java,4178,15.48,0,4,Java
789,ReVanced,revanced-patches,4177,1.74,647,0,Java
790,tencentmusic,supersonic,4164,2.25,15,0,Java
771,google,open-location-code,4246,10.95,5,1,Java
772,camunda,camunda-bpm-platform,4240,12.69,0,2,Java
773,jlegewie,zotfile,4234,13.71,33,0,Java
774,s4kibs4mi,java-developer-roadmap,4224,6.39,0,0,Java
775,mybatis,spring-boot-starter,4217,9.97,32,1,Java
776,ChadCSong,ShineButton,4216,9.19,2,2,Java
777,jboss-javassist,javassist,4215,12.31,24,0,Java
778,nining377,dolby_beta,4206,5.32,37,3,Java
779,microsoft,malmo,4200,9.32,21,6,Java
780,hugeterry,CoordinatorTabLayout,4199,8.62,0,15,Java
801,code4craft,tiny-spring,4082,11.67,0,0,Java
802,DTStack,chunjun,4081,7.44,30,0,Java
803,qunarcorp,bistoury,4080,6.12,8,3,Java
804,rubensousa,ViewPagerCards,4075,9.06,0,0,Java
805,oblac,jodd,4072,13.02,37,3,Java
806,luckybilly,CC,4046,7.8,0,13,Java
807,freeok,so-novel,4030,3.3,45,0,Java
808,oldmanpushcart,greys-anatomy,4025,12.81,0,12,Java
809,xcltapestry,XCL-Charts,4021,11.26,0,5,Java
810,jMonkeyEngine,jmonkeyengine,4020,11.48,76,0,Java
811,JabRef,jabref,4011,11.51,45,0,Java
812,BoltsFramework,Bolts-Android,4011,11.62,11,14,Java
813,lcodecorex,TwinklingRefreshLayout,4007,9.53,0,1,Java
814,knowm,XChange,3999,13.61,0,1,Java
815,Yalantis,Phoenix,3999,10.67,1,4,Java
816,jetty,jetty.project,3998,14.17,131,0,Java
817,LibrePDF,OpenPDF,3996,9.17,83,0,Java
818,jbloch,effective-java-3e-source-code,3996,7.11,0,4,Java
819,makovkastar,FloatingActionButton,3994,11.15,0,0,Java
820,Piasy,BigImageViewer,3988,8.85,0,2,Java
821,bitcoin-wallet,bitcoin-wallet,3984,13.45,0,1,Java
822,qstumn,BadgeView,3982,8.59,5,0,Java
823,orhanobut,hawk,3982,10.56,22,4,Java
824,mercyblitz,tech-weekly,3980,6.78,0,8,Java
825,torakiki,pdfsam,3966,11.97,66,0,Java
826,JeremyLiao,LiveEventBus,3965,7.17,0,5,Java
827,lukas-krecan,ShedLock,3965,8.75,0,0,Java
828,zzhoujay,RichText,3960,10.15,0,9,Java
829,syncthing,syncthing-android,3959,11.56,332,1,Java
830,rovo89,XposedInstaller,3958,13.45,0,8,Java
841,rengwuxian,RxJavaSamples,3928,9.47,3,44,Java
842,linyiqun,DataMiningAlgorithm,3928,10.67,0,0,Java
843,pingfangushi,screw,3921,5.22,0,0,Java
844,promeG,TinyPinyin,3916,9.95,2,0,Java
845,iterate-ch,cyberduck,3909,8.64,0,0,Java
846,JFormDesigner,FlatLaf,3907,6.07,87,0,Java
847,bluelinelabs,Conductor,3907,9.49,36,2,Java
848,sofastack,sofa-rpc,3895,7.43,63,0,Java
849,databricks,learning-spark,3893,11.24,0,3,Java
850,shuzijun,leetcode-editor,3893,6.48,55,1,Java
831,NotFound9,interviewGuide,3958,9.4,0,0,Java
832,lilishop,lilishop,3958,4.33,3,0,Java
833,awaitility,awaitility,3957,15.64,0,1,Java
834,fishercoder1534,Leetcode,3956,9.12,0,2,Java
835,RipMeApp,ripme,3956,8.68,143,0,Java
836,binIoter,GuideView,3955,9.23,0,6,Java
837,googlesamples,mlkit,3947,5.29,1,0,Java
838,tronprotocol,java-tron,3946,7.71,80,1,Java
839,JoanZapata,android-iconify,3944,12.25,0,1,Java
840,Querz,mcaselector,3935,7.39,72,0,Java
871,gh0stkey,HaE,3794,5.47,77,0,Java
872,shopizer-ecommerce,shopizer,3793,12.81,18,0,Java
873,sunfusheng,MarqueeView,3792,9.28,0,14,Java
874,Dimezis,BlurView,3792,9.39,31,1,Java
875,Helium314,HeliBoard,3789,3.51,50,0,Java
876,fesh0r,fernflower,3783,10.95,0,0,Java
877,mpusher,mpush,3779,9.38,9,1,Java
878,lygttpod,SuperTextView,3774,8.9,39,22,Java
879,mcxtzhang,SwipeDelMenuLayout,3774,9.05,2,0,Java
880,watabou,pixel-dungeon,3772,11.13,0,1,Java
861,kubernetes-client,java,3835,8.35,55,0,Java
862,aurelhubert,ahbottomnavigation,3830,9.49,14,11,Java
863,MiguelCatalan,MaterialSearchView,3826,10.0,6,0,Java
864,google,bundletool,3821,7.36,63,1,Java
865,yanzhenjie,AndServer,3819,9.25,1,2,Java
866,react-native-share,react-native-share,3817,9.95,139,3,Java
867,uknownothingsnow,CircleProgress,3817,10.87,0,0,Java
868,ZHENFENG13,My-Blog,3814,6.53,0,0,Java
869,jishenghua,jshERP,3807,8.98,6,0,Java
870,camunda,camunda,3795,9.48,468,0,Java
881,CameraKit,blurkit-android,3767,8.85,3,0,Java
882,ageerle,ruoyi-ai,3756,1.65,6,0,Java
883,MovingBlocks,Terasology,3756,14.53,70,1,Java
884,Ereza,CustomActivityOnCrash,3755,11.19,12,1,Java
885,roboguice,roboguice,3752,13.09,0,51,Java
886,timehop,sticky-headers-recyclerview,3750,10.95,0,0,Java
887,apache,kylin,3748,10.69,2,1,Java
888,zhpanvip,BannerViewPager,3748,8.46,59,0,Java
889,sofastack,sofa-jraft,3743,6.53,32,5,Java
890,andOTP,andOTP,3741,8.19,38,1,Java
851,JavaNoober,BackgroundLibrary,3893,7.01,13,1,Java
852,alibaba,jstorm,3892,12.03,22,0,Java
853,Exrick,xboot,3889,7.39,6,0,Java
854,ReChronoRain,HyperCeiler,3889,1.87,7,0,Java
855,amirzaidi,Launcher3,3886,8.29,22,0,Java
856,VaughnVernon,IDDD_Samples,3885,12.43,0,2,Java
857,vipulasri,Timeline-View,3885,9.75,15,1,Java
858,M66B,FairEmail,3860,7.11,1000,0,Java
859,wendux,DSBridge-Android,3857,8.69,2,2,Java
860,uber,NullAway,3845,8.03,30,0,Java
901,ryanhoo,StylishMusicPlayer,3708,9.0,0,0,Java
902,yanzhenjie,NoHttp,3704,10.13,0,9,Java
903,rbmonster,learning-note,3700,5.24,0,2,Java
904,undertow-io,undertow,3694,13.15,9,0,Java
905,jtablesaw,tablesaw,3689,9.7,79,0,Java
906,nICEnnnnnnnLee,BilibiliDown,3687,6.64,80,0,Java
907,javahuang,SurveyKing,3683,4.01,3,0,Java
908,Creators-of-Create,Create,3679,6.15,0,0,Java
909,yangfuhai,ASimpleCache,3678,12.13,0,11,Java
910,lihangleo2,ShadowLayout,3677,6.18,28,0,Java
891,AsamK,signal-cli,3738,10.34,102,0,Java
892,RoaringBitmap,RoaringBitmap,3735,12.24,39,1,Java
893,spotbugs,spotbugs,3731,8.85,69,0,Java
894,JCTools,JCTools,3727,11.84,18,0,Java
895,ethanhua,Skeleton,3727,8.12,0,0,Java
896,Atmosphere,atmosphere,3720,15.21,0,7,Java
897,willowtreeapps,spruce-android,3719,8.55,3,1,Java
898,ByteLegend,ByteLegend,3717,4.61,0,14,Java
899,stfalcon-studio,ChatKit,3715,8.61,1,8,Java
900,liuyubobobo,Play-with-Algorithms,3709,9.19,0,0,Java
921,PlexPt,chatgpt-java,3648,2.76,24,0,Java
922,tchiotludo,akhq,3645,7.01,42,0,Java
923,litesuits,android-common,3643,11.29,0,13,Java
924,microservices-patterns,ftgo-application,3627,7.89,0,0,Java
925,huburt-Hu,NewbieGuide,3623,8.13,20,0,Java
926,apache,incubator-heron,3621,9.97,56,24,Java
927,FasterXML,jackson-databind,3620,13.73,0,1,Java
928,rockerhieu,emojicon,3614,11.65,2,0,Java
929,blossom-editor,blossom,3611,2.1,19,2,Java
930,spockframework,spock,3608,14.76,26,9,Java
931,alibaba,Alink,3608,6.95,22,5,Java
932,uncle-novel,uncle-novel,3602,6.75,1,1,Java
933,Mojang,brigadier,3600,10.99,3,0,Java
934,tyrantgit,ExplosionField,3595,9.97,0,4,Java
935,spring-io,initializr,3594,12.27,17,0,Java
936,mbechler,marshalsec,3592,8.31,0,0,Java
937,kikoso,android-stackblur,3592,12.08,0,25,Java
938,dtinit,data-transfer-project,3589,7.69,61,0,Java
939,dongjunkun,DropDownMenu,3586,10.22,2,0,Java
940,vert-x3,vertx-examples,3582,10.55,0,0,Java
911,helidon-io,helidon,3677,7.04,130,0,Java
912,lisawray,groupie,3672,9.03,28,4,Java
913,dingjikerbo,Android-BluetoothKit,3671,9.93,0,0,Java
914,networknt,light-4j,3671,9.01,192,0,Java
915,grpc-ecosystem,grpc-spring,3670,8.7,34,1,Java
916,google,rejoiner,3670,7.77,3,13,Java
917,yacy,yacy_search_server,3668,10.48,0,0,Java
918,KunMinX,Linkage-RecyclerView,3667,6.39,0,1,Java
919,linkedin,databus,3666,12.74,0,0,Java
920,coderbruis,JavaSourceCodeLearning,3662,5.28,0,0,Java
951,bilibili,MagicaSakura,3556,9.22,3,2,Java
952,DataLinkDC,dinky,3549,4.26,31,0,Java
953,johncarl81,parceler,3544,12.2,0,14,Java
954,arimorty,floatingsearchview,3535,9.81,0,4,Java
955,anggrayudi,android-hidden-api,3534,9.99,2,1,Java
956,LinShunKang,MyPerf4J,3534,7.51,23,14,Java
957,springdoc,springdoc-openapi,3533,6.17,96,0,Java
958,fyhertz,libstreaming,3533,12.62,0,7,Java
959,luontola,retrolambda,3531,12.15,0,24,Java
960,HelloWorld521,Java,3530,8.76,0,0,Java
961,andremion,Music-Player,3525,9.35,2,2,Java
962,apache,logging-log4j2,3522,12.25,15,2,Java
963,spring-cloud,spring-cloud-kubernetes,3520,8.75,32,2,Java
964,dariuszseweryn,RxAndroidBle,3518,9.61,60,0,Java
965,lsjwzh,RecyclerViewPager,3517,10.65,10,1,Java
966,immutables,immutables,3516,12.19,15,2,Java
967,Netflix,maestro,3515,1.4,0,0,Java
968,nytimes,Store,3512,8.79,0,16,Java
969,1024-lab,smart-admin,3509,5.82,22,0,Java
970,codeestX,GeekNews,3508,9.1,0,1,Java
971,baoyongzhang,SwipeMenuListView,3506,11.05,2,0,Java
972,cSploit,android,3503,10.94,33,2,Java
973,lenve,JavaEETest,3497,8.75,0,1,Java
974,KingJA,LoadSir,3493,8.03,6,4,Java
975,dromara,liteflow,3491,5.47,0,0,Java
976,TNG,ArchUnit,3488,8.39,43,2,Java
977,AxonFramework,AxonFramework,3487,13.78,136,0,Java
978,ittianyu,BottomNavigationViewEx,3476,8.83,19,4,Java
979,phodal,migration,3465,5.68,0,4,Java
980,rubensousa,PreviewSeekBar,3461,8.63,10,0,Java
981,ferredoxin,QNotified,3460,6.47,28,0,Java
982,eclipse-openj9,openj9,3460,8.05,53,0,Java
983,Grt1228,chatgpt-java,3459,2.58,10,0,Java
984,Netflix,concurrency-limits,3455,7.75,102,0,Java
985,RikkaApps,Sui,3450,4.69,21,0,Java
986,alamkanak,Android-Week-View,3448,10.99,4,10,Java
987,crossoverJie,SSM,3441,9.23,10,18,Java
988,freeplane,freeplane,3440,13.0,10,0,Java
989,rom1v,sndcpy,3436,5.26,2,1,Java
990,apache,fory,3435,2.37,49,0,Java
991,sherxon,AlgoDS,3433,8.74,0,0,Java
992,guolindev,giffun,3432,6.62,0,1,Java
993,xcc3641,SeeWeather,3426,9.56,2,6,Java
994,WinterChenS,my-site,3425,7.36,0,3,Java
995,GitLqr,LQRWeChat,3421,8.59,0,23,Java
996,woxingxiao,BubbleSeekBar,3419,8.86,12,8,Java
997,getActivity,Toaster,3416,6.99,36,1,Java
998,google,volley,3415,8.63,9,1,Java
999,openhab,openhab1-addons,3413,11.98,14,8,Java
1000,apache,incubator-kie-optaplanner,3412,14.58,6,7,Java
941,hmkcode,Android,3579,12.03,0,0,Java
942,WVector,AppUpdate,3577,8.23,3,1,Java
943,googlemaps,android-maps-utils,3575,12.33,55,0,Java
944,OpenHFT,Chronicle-Queue,3571,12.28,533,0,Java
945,JakeWharton,ThreeTenABP,3570,10.2,0,11,Java
946,davideas,FlexibleAdapter,3570,10.37,30,0,Java
947,IrisShaders,Iris,3569,4.89,140,1,Java
948,fabric8io,kubernetes-client,3564,10.18,124,0,Java
949,code4craft,netty-learning,3558,11.98,0,0,Java
950,dropbox,hackpad,3556,10.08,0,10,Java
